{
    "Controller-Global": {
        "position": [
            0,
            0.8974240000000001,
            0
        ],
        "rotation": [
            0,
            0,
            0,
            1
        ],
        "eulers": [
            0,
            0,
            0
        ]
    },
    "Hip-Global": {
        "position": [
            -0.0035179936000000003,
            -0.016625523200000002,
            -0.018416956800000005
        ],
        "rotation": [
            0,
            0,
            0,
            1
        ],
        "eulers": [
            0,
            0,
            0
        ]
    },
    "Belly-Global": {
        "rotation": [
            0.000021493380670804905,
            0,
            0,
            0.9999999997690173
        ],
        "eulers": [
            0.00246296,
            0,
            0
        ]
    },
    "Chest-Global": {
        "rotation": [
            0,
            0,
            0,
            1
        ],
        "eulers": [
            0,
            0,
            0
        ]
    },
    "Head-Global": {
        "position": [
            0.0002445696,
            0.35382336000000003,
            0.000005808000000000001
        ],
        "rotation": [
            0,
            0,
            0,
            1
        ],
        "eulers": [
            0,
            0,
            0
        ]
    },
    "Left_Arm-Global": {
        "position": [
            -0.17600000000000002,
            0.32384,
            -0.019360000000000002
        ],
        "rotation": [
            -0.034349731141346214,
            0.06071294425188152,
            0.4912240410601767,
            0.8682355532085144
        ],
        "eulers": [
            0,
            8.000000000000002,
            59.00000000000001
        ]
    },
    "Left_Forearm-Global": {
        "position": [
            -0.35200000000000004,
            -3.5200000000000004e-8,
            0
        ],
        "rotation": [
            0.07986072028566069,
            0.2118453076618422,
            -0.06857490350036241,
            0.9716178845549472
        ],
        "eulers": [
            8,
            24.999999999999996,
            -6.297958791698971
        ]
    },
    "Left_Hand-Global": {
        "position": [
            -0.24640000000000004,
            -3.5200000000000004e-8,
            0.01056
        ],
        "rotation": [
            -0.6984011233337102,
            -0.11061587104123713,
            0.06162841671621937,
            0.7044160264027587
        ],
        "eulers": [
            -89.99999999999999,
            -3.999999999999998,
            14
        ]
    },
    "Right_Arm-Global": {
        "position": [
            0.17600000000000002,
            0.32384,
            -0.019360000000000002
        ],
        "rotation": [
            -0.034349731141346214,
            -0.06071294425188152,
            -0.4912240410601767,
            0.8682355532085144
        ],
        "eulers": [
            0,
            -8.000000000000002,
            -59.00000000000001
        ]
    },
    "Right_Forearm-Global": {
        "position": [
            0.35200000000000004,
            0,
            0
        ],
        "rotation": [
            0.07986449385286165,
            -0.21184388507698618,
            0.06859221082440482,
            0.9716166628827108
        ],
        "eulers": [
            7.999999999999998,
            -24.999999999999993,
            6.300000000000001
        ]
    },
    "Right_Hand-Global": {
        "position": [
            0.24640000000000004,
            0.0056451104587473475,
            0.01056
        ],
        "rotation": [
            -0.6984011233337102,
            0.11061587104123713,
            -0.06162841671621937,
            0.7044160264027587
        ],
        "eulers": [
            -89.99999999999999,
            3.999999999999998,
            -14
        ]
    },
    "Right_Thigh-Global": {
        "position": [
            0.151438496,
            -0.016483350400000003,
            -0.000033686399999999997
        ],
        "rotation": [
            0,
            0,
            0,
            1
        ],
        "eulers": [
            0,
            0,
            0
        ]
    },
    "Right_Leg-Global": {
        "position": [
            -0.000026118400000000004,
            -0.42244576000000006,
            -0.00027501760000000006
        ],
        "rotation": [
            0,
            0,
            0,
            1
        ],
        "eulers": [
            0,
            0,
            0
        ]
    },
    "Right_Foot-Global": {
        "position": [
            0.0000061248,
            -0.35262304,
            -0.0176441056
        ],
        "rotation": [
            0,
            0,
            0,
            1
        ],
        "eulers": [
            0,
            0,
            0
        ]
    },
    "Left_Thigh-Global": {
        "position": [
            -0.15113296,
            -0.0186803232,
            0.0000406912
        ],
        "rotation": [
            0,
            0,
            0,
            1
        ],
        "eulers": [
            0,
            0,
            0
        ]
    },
    "Left_Leg-Global": {
        "position": [
            0.000025625600000000004,
            -0.42240000000000005,
            -0.0005308864000000001
        ],
        "rotation": [
            0,
            0,
            0,
            1
        ],
        "eulers": [
            0,
            0,
            0
        ]
    },
    "Left_Foot-Global": {
        "position": [
            0.000038403200000000005,
            -0.35253504,
            -0.013151107200000003
        ],
        "rotation": [
            0,
            0,
            0,
            1
        ],
        "eulers": [
            0,
            0,
            0
        ]
    }
}
